-- phpMyAdmin SQL Dump
-- version 5.2.0
-- https://www.phpmyadmin.net/
--
-- Host: 127.0.0.1
-- Generation Time: Jul 23, 2023 at 11:34 PM
-- Server version: 8.0.30
-- PHP Version: 8.1.10

SET SQL_MODE = "NO_AUTO_VALUE_ON_ZERO";
START TRANSACTION;
SET time_zone = "+00:00";


/*!40101 SET @OLD_CHARACTER_SET_CLIENT=@@CHARACTER_SET_CLIENT */;
/*!40101 SET @OLD_CHARACTER_SET_RESULTS=@@CHARACTER_SET_RESULTS */;
/*!40101 SET @OLD_COLLATION_CONNECTION=@@COLLATION_CONNECTION */;
/*!40101 SET NAMES utf8mb4 */;

--
-- Database: `hki`
--

-- --------------------------------------------------------

--
-- Table structure for table `failed_jobs`
--

CREATE TABLE `failed_jobs` (
  `id` bigint UNSIGNED NOT NULL,
  `uuid` varchar(255) COLLATE utf8mb4_unicode_ci NOT NULL,
  `connection` text COLLATE utf8mb4_unicode_ci NOT NULL,
  `queue` text COLLATE utf8mb4_unicode_ci NOT NULL,
  `payload` longtext COLLATE utf8mb4_unicode_ci NOT NULL,
  `exception` longtext COLLATE utf8mb4_unicode_ci NOT NULL,
  `failed_at` timestamp NOT NULL DEFAULT CURRENT_TIMESTAMP
) ENGINE=InnoDB DEFAULT CHARSET=utf8mb4 COLLATE=utf8mb4_unicode_ci;

-- --------------------------------------------------------

--
-- Table structure for table `master_part`
--

CREATE TABLE `master_part` (
  `id_part` int NOT NULL,
  `id_user` varchar(100) COLLATE utf8mb4_general_ci NOT NULL,
  `part_no` varchar(150) COLLATE utf8mb4_general_ci NOT NULL,
  `part_name` varchar(150) COLLATE utf8mb4_general_ci NOT NULL,
  `composition` varchar(150) COLLATE utf8mb4_general_ci NOT NULL,
  `unit_price` varchar(10) COLLATE utf8mb4_general_ci NOT NULL
) ENGINE=InnoDB DEFAULT CHARSET=utf8mb4 COLLATE=utf8mb4_general_ci;

-- --------------------------------------------------------

--
-- Table structure for table `migrations`
--

CREATE TABLE `migrations` (
  `id` int UNSIGNED NOT NULL,
  `migration` varchar(255) COLLATE utf8mb4_unicode_ci NOT NULL,
  `batch` int NOT NULL
) ENGINE=InnoDB DEFAULT CHARSET=utf8mb4 COLLATE=utf8mb4_unicode_ci;

--
-- Dumping data for table `migrations`
--

INSERT INTO `migrations` (`id`, `migration`, `batch`) VALUES
(1, '2014_10_12_100000_create_password_resets_table', 1),
(2, '2014_10_12_134109_create_users_table', 1),
(3, '2014_10_12_134110_create_role_table', 1),
(4, '2014_10_12_134111_create_users_detail_table', 1),
(5, '2014_10_12_134112_create_purchasing_table', 1),
(6, '2014_10_12_134113_create_surat_table', 1),
(7, '2019_08_19_000000_create_failed_jobs_table', 1),
(8, '2019_12_14_000001_create_personal_access_tokens_table', 1),
(9, '2023_07_01_153555_create_surat_supplier_table', 1),
(10, '2023_07_08_035118_create_purchasing_detail_table', 1),
(11, '2023_07_12_150333_create_stocks_table', 2),
(12, '2023_07_15_150025_create_productions_table', 3);

-- --------------------------------------------------------

--
-- Table structure for table `password_resets`
--

CREATE TABLE `password_resets` (
  `email` varchar(255) COLLATE utf8mb4_unicode_ci NOT NULL,
  `token` varchar(255) COLLATE utf8mb4_unicode_ci NOT NULL,
  `created_at` timestamp NULL DEFAULT NULL
) ENGINE=InnoDB DEFAULT CHARSET=utf8mb4 COLLATE=utf8mb4_unicode_ci;

-- --------------------------------------------------------

--
-- Table structure for table `personal_access_tokens`
--

CREATE TABLE `personal_access_tokens` (
  `id` bigint UNSIGNED NOT NULL,
  `tokenable_type` varchar(255) COLLATE utf8mb4_unicode_ci NOT NULL,
  `tokenable_id` bigint UNSIGNED NOT NULL,
  `name` varchar(255) COLLATE utf8mb4_unicode_ci NOT NULL,
  `token` varchar(64) COLLATE utf8mb4_unicode_ci NOT NULL,
  `abilities` text COLLATE utf8mb4_unicode_ci,
  `last_used_at` timestamp NULL DEFAULT NULL,
  `created_at` timestamp NULL DEFAULT NULL,
  `updated_at` timestamp NULL DEFAULT NULL
) ENGINE=InnoDB DEFAULT CHARSET=utf8mb4 COLLATE=utf8mb4_unicode_ci;

-- --------------------------------------------------------

--
-- Table structure for table `productions`
--

CREATE TABLE `productions` (
  `id` bigint UNSIGNED NOT NULL,
  `line` varchar(255) COLLATE utf8mb4_unicode_ci NOT NULL,
  `shift` varchar(20) COLLATE utf8mb4_unicode_ci NOT NULL,
  `nilai` bigint UNSIGNED NOT NULL,
  `tanggal` date NOT NULL
) ENGINE=InnoDB DEFAULT CHARSET=utf8mb4 COLLATE=utf8mb4_unicode_ci;

--
-- Dumping data for table `productions`
--

INSERT INTO `productions` (`id`, `line`, `shift`, `nilai`, `tanggal`) VALUES
(1, 'AXEL', 'I', 70, '2023-07-17'),
(2, 'AXEL', 'II', 70, '2023-07-17'),
(3, 'AXEL', 'III', 70, '2023-07-17'),
(4, 'C/MBER', 'I', 70, '2023-07-17'),
(5, 'C/MBER', 'II', 70, '2023-07-17'),
(6, 'C/MBER', 'III', 70, '2023-07-17'),
(7, 'YH4', 'I', 70, '2023-07-17'),
(8, 'YH4', 'II', 70, '2023-07-17'),
(9, 'YH4', 'III', 70, '2023-07-17'),
(10, 'Y4L', 'I', 70, '2023-07-17'),
(11, 'Y4L', 'II', 70, '2023-07-17'),
(12, 'Y4L', 'III', 70, '2023-07-17'),
(13, 'LH CVT', 'I', 70, '2023-07-17'),
(14, 'LH CVT', 'II', 70, '2023-07-17'),
(15, 'LH CVT', 'III', 70, '2023-07-17'),
(16, 'LH RH CVT', 'I', 70, '2023-07-17'),
(17, 'LH RH CVT', 'II', 70, '2023-07-17'),
(18, 'LH RH CVT', 'III', 70, '2023-07-17'),
(19, 'ROD', 'I', 70, '2023-07-17'),
(20, 'ROD', 'II', 70, '2023-07-17'),
(21, 'ROD', 'III', 70, '2023-07-17'),
(22, 'TM BODY', 'I', 70, '2023-07-17'),
(23, 'TM BODY', 'II', 70, '2023-07-17'),
(24, 'TM BODY', 'III', 70, '2023-07-17'),
(25, 'AMT  LVUV', 'I', 70, '2023-07-17'),
(26, 'AMT  LVUV', 'II', 70, '2023-07-17'),
(27, 'AMT  LVUV', 'III', 70, '2023-07-17');

-- --------------------------------------------------------

--
-- Table structure for table `purchasing`
--

CREATE TABLE `purchasing` (
  `id_po` bigint UNSIGNED NOT NULL,
  `po_number` varchar(11) COLLATE utf8mb4_unicode_ci DEFAULT NULL,
  `id_tujuan_po` int DEFAULT NULL,
  `default_supplier_id` bigint UNSIGNED DEFAULT NULL,
  `class` varchar(30) COLLATE utf8mb4_unicode_ci DEFAULT NULL,
  `issue_date` varchar(30) COLLATE utf8mb4_unicode_ci DEFAULT NULL,
  `currency_code` varchar(20) COLLATE utf8mb4_unicode_ci DEFAULT NULL,
  `id_destination` int DEFAULT NULL,
  `status` varchar(255) COLLATE utf8mb4_unicode_ci DEFAULT NULL
) ENGINE=InnoDB DEFAULT CHARSET=utf8mb4 COLLATE=utf8mb4_unicode_ci;

--
-- Dumping data for table `purchasing`
--

INSERT INTO `purchasing` (`id_po`, `po_number`, `id_tujuan_po`, `default_supplier_id`, `class`, `issue_date`, `currency_code`, `id_destination`, `status`) VALUES
(404, 'HKI230490', 3, NULL, 'SUPPLIER', NULL, 'IDR', NULL, 'Unsend'),
(405, 'HKI230490', 2, NULL, 'SUBCON', NULL, 'IDR', NULL, 'Unsend');

-- --------------------------------------------------------

--
-- Table structure for table `purchasing_details`
--

CREATE TABLE `purchasing_details` (
  `id` bigint UNSIGNED NOT NULL,
  `id_po` bigint UNSIGNED NOT NULL,
  `part_no` varchar(255) CHARACTER SET utf8mb4 COLLATE utf8mb4_unicode_ci DEFAULT NULL,
  `part_name` varchar(255) CHARACTER SET utf8mb4 COLLATE utf8mb4_unicode_ci DEFAULT NULL,
  `unit_price` int DEFAULT NULL,
  `order_qty` int DEFAULT NULL,
  `unit` varchar(50) CHARACTER SET utf8mb4 COLLATE utf8mb4_unicode_ci DEFAULT NULL,
  `composition` varchar(128) COLLATE utf8mb4_unicode_ci DEFAULT NULL,
  `amount` bigint NOT NULL,
  `order_number` varchar(128) COLLATE utf8mb4_unicode_ci NOT NULL,
  `delivery_time` datetime DEFAULT NULL
) ENGINE=InnoDB DEFAULT CHARSET=utf8mb4 COLLATE=utf8mb4_unicode_ci;

--
-- Dumping data for table `purchasing_details`
--

INSERT INTO `purchasing_details` (`id`, `id_po`, `part_no`, `part_name`, `unit_price`, `order_qty`, `unit`, `composition`, `amount`, `order_number`, `delivery_time`) VALUES
(15711, 404, '4000A389-1', 'PLATE,UPPER', 3639, 800, 'PC', NULL, 2911200, 'PU00145764', '2023-07-03 00:00:00'),
(15712, 404, '4000A389-1', 'PLATE,UPPER', 3639, 640, 'PC', NULL, 2328960, 'PU00145765', '2023-07-04 00:00:00'),
(15713, 404, '4000A389-1', 'PLATE,UPPER', 3639, 640, 'PC', NULL, 2328960, 'PU00145766', '2023-07-05 00:00:00'),
(15714, 404, '4000A389-1', 'PLATE,UPPER', 3639, 640, 'PC', NULL, 2328960, 'PU00145767', '2023-07-06 00:00:00'),
(15715, 404, '4000A389-1', 'PLATE,UPPER', 3639, 800, 'PC', NULL, 2911200, 'PU00145768', '2023-07-07 00:00:00'),
(15716, 404, '4000A389-1', 'PLATE,UPPER', 3639, 800, 'PC', NULL, 2911200, 'PU00145769', '2023-07-10 00:00:00'),
(15717, 404, '4000A389-1', 'PLATE,UPPER', 3639, 640, 'PC', NULL, 2328960, 'PU00145770', '2023-07-11 00:00:00'),
(15718, 404, '4000A389-1', 'PLATE,UPPER', 3639, 640, 'PC', NULL, 2328960, 'PU00145771', '2023-07-12 00:00:00'),
(15719, 404, '4000A389-1', 'PLATE,UPPER', 3639, 640, 'PC', NULL, 2328960, 'PU00145772', '2023-07-13 00:00:00'),
(15720, 404, '4000A389-1', 'PLATE,UPPER', 3639, 800, 'PC', NULL, 2911200, 'PU00145773', '2023-07-14 00:00:00'),
(15721, 404, '4000A389-1', 'PLATE,UPPER', 3639, 800, 'PC', NULL, 2911200, 'PU00145774', '2023-07-17 00:00:00'),
(15722, 404, '4000A389-1', 'PLATE,UPPER', 3639, 640, 'PC', NULL, 2328960, 'PU00145775', '2023-07-18 00:00:00'),
(15723, 404, '4000A389-1', 'PLATE,UPPER', 3639, 640, 'PC', NULL, 2328960, 'PU00145776', '2023-07-20 00:00:00'),
(15724, 404, '4000A389-1', 'PLATE,UPPER', 3639, 800, 'PC', NULL, 2911200, 'PU00145777', '2023-07-21 00:00:00'),
(15725, 404, '4000A389-1', 'PLATE,UPPER', 3639, 800, 'PC', NULL, 2911200, 'PU00145778', '2023-07-24 00:00:00'),
(15726, 404, '4000A389-1', 'PLATE,UPPER', 3639, 800, 'PC', NULL, 2911200, 'PU00145779', '2023-07-25 00:00:00'),
(15727, 404, '4000A389-1', 'PLATE,UPPER', 3639, 800, 'PC', NULL, 2911200, 'PU00145780', '2023-07-26 00:00:00'),
(15728, 404, '4000A389-2', 'PLATE LOWER', 4941, 900, 'PC', NULL, 4446900, 'PU00145781', '2023-07-03 00:00:00'),
(15729, 404, '4000A389-2', 'PLATE LOWER', 4941, 900, 'PC', NULL, 4446900, 'PU00145782', '2023-07-04 00:00:00'),
(15730, 404, '4000A389-2', 'PLATE LOWER', 4941, 720, 'PC', NULL, 3557520, 'PU00145783', '2023-07-05 00:00:00'),
(15731, 404, '4000A389-2', 'PLATE LOWER', 4941, 720, 'PC', NULL, 3557520, 'PU00145784', '2023-07-06 00:00:00'),
(15732, 404, '4000A389-2', 'PLATE LOWER', 4941, 720, 'PC', NULL, 3557520, 'PU00145785', '2023-07-07 00:00:00'),
(15733, 404, '4000A389-2', 'PLATE LOWER', 4941, 630, 'PC', NULL, 3112830, 'PU00145786', '2023-07-10 00:00:00'),
(15734, 404, '4000A389-2', 'PLATE LOWER', 4941, 630, 'PC', NULL, 3112830, 'PU00145787', '2023-07-11 00:00:00'),
(15735, 404, '4000A389-2', 'PLATE LOWER', 4941, 630, 'PC', NULL, 3112830, 'PU00145788', '2023-07-12 00:00:00'),
(15736, 404, '4000A389-2', 'PLATE LOWER', 4941, 630, 'PC', NULL, 3112830, 'PU00145789', '2023-07-13 00:00:00'),
(15737, 404, '4000A389-2', 'PLATE LOWER', 4941, 900, 'PC', NULL, 4446900, 'PU00145790', '2023-07-14 00:00:00'),
(15738, 404, '4000A389-2', 'PLATE LOWER', 4941, 630, 'PC', NULL, 3112830, 'PU00145791', '2023-07-17 00:00:00'),
(15739, 404, '4000A389-2', 'PLATE LOWER', 4941, 630, 'PC', NULL, 3112830, 'PU00145792', '2023-07-18 00:00:00'),
(15740, 404, '4000A389-2', 'PLATE LOWER', 4941, 630, 'PC', NULL, 3112830, 'PU00145793', '2023-07-20 00:00:00'),
(15741, 404, '4000A389-2', 'PLATE LOWER', 4941, 630, 'PC', NULL, 3112830, 'PU00145794', '2023-07-21 00:00:00'),
(15742, 404, '4000A389-2', 'PLATE LOWER', 4941, 720, 'PC', NULL, 3557520, 'PU00145795', '2023-07-24 00:00:00'),
(15743, 404, '4000A389-2', 'PLATE LOWER', 4941, 900, 'PC', NULL, 4446900, 'PU00145796', '2023-07-25 00:00:00'),
(15744, 404, '4000A389-2', 'PLATE LOWER', 4941, 900, 'PC', NULL, 4446900, 'PU00145797', '2023-07-26 00:00:00'),
(15745, 404, '4120A267-1', 'BEAM, TORSION', 4925, 700, 'PC', NULL, 3447500, 'PU00145798', '2023-07-03 00:00:00'),
(15746, 404, '4120A267-1', 'BEAM, TORSION', 4925, 700, 'PC', NULL, 3447500, 'PU00145799', '2023-07-04 00:00:00'),
(15747, 404, '4120A267-1', 'BEAM, TORSION', 4925, 700, 'PC', NULL, 3447500, 'PU00145800', '2023-07-05 00:00:00'),
(15748, 404, '4120A267-1', 'BEAM, TORSION', 4925, 600, 'PC', NULL, 2955000, 'PU00145801', '2023-07-06 00:00:00'),
(15749, 404, '4120A267-1', 'BEAM, TORSION', 4925, 700, 'PC', NULL, 3447500, 'PU00145802', '2023-07-07 00:00:00'),
(15750, 404, '4120A267-1', 'BEAM, TORSION', 4925, 700, 'PC', NULL, 3447500, 'PU00145803', '2023-07-10 00:00:00'),
(15751, 404, '4120A267-1', 'BEAM, TORSION', 4925, 600, 'PC', NULL, 2955000, 'PU00145804', '2023-07-11 00:00:00'),
(15752, 404, '4120A267-1', 'BEAM, TORSION', 4925, 600, 'PC', NULL, 2955000, 'PU00145805', '2023-07-12 00:00:00'),
(15753, 404, '4120A267-1', 'BEAM, TORSION', 4925, 600, 'PC', NULL, 2955000, 'PU00145806', '2023-07-13 00:00:00'),
(15754, 404, '4120A267-1', 'BEAM, TORSION', 4925, 600, 'PC', NULL, 2955000, 'PU00145807', '2023-07-14 00:00:00'),
(15755, 404, '4120A267-1', 'BEAM, TORSION', 4925, 700, 'PC', NULL, 3447500, 'PU00145808', '2023-07-17 00:00:00'),
(15756, 404, '4120A267-1', 'BEAM, TORSION', 4925, 600, 'PC', NULL, 2955000, 'PU00145809', '2023-07-18 00:00:00'),
(15757, 404, '4120A267-1', 'BEAM, TORSION', 4925, 700, 'PC', NULL, 3447500, 'PU00145810', '2023-07-20 00:00:00'),
(15758, 404, '4120A267-1', 'BEAM, TORSION', 4925, 700, 'PC', NULL, 3447500, 'PU00145811', '2023-07-21 00:00:00'),
(15759, 404, '4120A267-1', 'BEAM, TORSION', 4925, 800, 'PC', NULL, 3940000, 'PU00145812', '2023-07-24 00:00:00'),
(15760, 404, '4120A267-1', 'BEAM, TORSION', 4925, 800, 'PC', NULL, 3940000, 'PU00145813', '2023-07-25 00:00:00'),
(15761, 404, '4120A267-1', 'BEAM, TORSION', 4925, 800, 'PC', NULL, 3940000, 'PU00145814', '2023-07-26 00:00:00'),
(15762, 404, '4120A267-2', 'ARM,TRAILING INNER LH', 6612, 700, 'PC', NULL, 4628400, 'PU00145815', '2023-07-03 00:00:00'),
(15763, 404, '4120A267-2', 'ARM,TRAILING INNER LH', 6612, 700, 'PC', NULL, 4628400, 'PU00145816', '2023-07-04 00:00:00'),
(15764, 404, '4120A267-2', 'ARM,TRAILING INNER LH', 6612, 700, 'PC', NULL, 4628400, 'PU00145817', '2023-07-05 00:00:00'),
(15765, 404, '4120A267-2', 'ARM,TRAILING INNER LH', 6612, 700, 'PC', NULL, 4628400, 'PU00145818', '2023-07-06 00:00:00'),
(15766, 404, '4120A267-2', 'ARM,TRAILING INNER LH', 6612, 600, 'PC', NULL, 3967200, 'PU00145819', '2023-07-07 00:00:00'),
(15767, 404, '4120A267-2', 'ARM,TRAILING INNER LH', 6612, 700, 'PC', NULL, 4628400, 'PU00145820', '2023-07-10 00:00:00'),
(15768, 404, '4120A267-2', 'ARM,TRAILING INNER LH', 6612, 700, 'PC', NULL, 4628400, 'PU00145821', '2023-07-11 00:00:00'),
(15769, 404, '4120A267-2', 'ARM,TRAILING INNER LH', 6612, 700, 'PC', NULL, 4628400, 'PU00145822', '2023-07-12 00:00:00'),
(15770, 404, '4120A267-2', 'ARM,TRAILING INNER LH', 6612, 700, 'PC', NULL, 4628400, 'PU00145823', '2023-07-13 00:00:00'),
(15771, 404, '4120A267-2', 'ARM,TRAILING INNER LH', 6612, 600, 'PC', NULL, 3967200, 'PU00145824', '2023-07-14 00:00:00'),
(15772, 404, '4120A267-2', 'ARM,TRAILING INNER LH', 6612, 600, 'PC', NULL, 3967200, 'PU00145825', '2023-07-17 00:00:00'),
(15773, 404, '4120A267-2', 'ARM,TRAILING INNER LH', 6612, 600, 'PC', NULL, 3967200, 'PU00145826', '2023-07-18 00:00:00'),
(15774, 404, '4120A267-2', 'ARM,TRAILING INNER LH', 6612, 700, 'PC', NULL, 4628400, 'PU00145827', '2023-07-20 00:00:00'),
(15775, 404, '4120A267-2', 'ARM,TRAILING INNER LH', 6612, 700, 'PC', NULL, 4628400, 'PU00145828', '2023-07-21 00:00:00'),
(15776, 404, '4120A267-2', 'ARM,TRAILING INNER LH', 6612, 800, 'PC', NULL, 5289600, 'PU00145829', '2023-07-24 00:00:00'),
(15777, 404, '4120A267-2', 'ARM,TRAILING INNER LH', 6612, 800, 'PC', NULL, 5289600, 'PU00145830', '2023-07-25 00:00:00'),
(15778, 404, '4120A267-2', 'ARM,TRAILING INNER LH', 6612, 800, 'PC', NULL, 5289600, 'PU00145831', '2023-07-26 00:00:00'),
(15779, 404, '4120A267-3', 'ARM,TRAILING INNER RH', 6618, 700, 'PC', NULL, 4632600, 'PU00145832', '2023-07-03 00:00:00'),
(15780, 404, '4120A267-3', 'ARM,TRAILING INNER RH', 6618, 700, 'PC', NULL, 4632600, 'PU00145833', '2023-07-04 00:00:00'),
(15781, 404, '4120A267-3', 'ARM,TRAILING INNER RH', 6618, 700, 'PC', NULL, 4632600, 'PU00145834', '2023-07-05 00:00:00'),
(15782, 404, '4120A267-3', 'ARM,TRAILING INNER RH', 6618, 700, 'PC', NULL, 4632600, 'PU00145835', '2023-07-06 00:00:00'),
(15783, 404, '4120A267-3', 'ARM,TRAILING INNER RH', 6618, 600, 'PC', NULL, 3970800, 'PU00145836', '2023-07-07 00:00:00'),
(15784, 404, '4120A267-3', 'ARM,TRAILING INNER RH', 6618, 700, 'PC', NULL, 4632600, 'PU00145837', '2023-07-10 00:00:00'),
(15785, 404, '4120A267-3', 'ARM,TRAILING INNER RH', 6618, 700, 'PC', NULL, 4632600, 'PU00145838', '2023-07-11 00:00:00'),
(15786, 404, '4120A267-3', 'ARM,TRAILING INNER RH', 6618, 700, 'PC', NULL, 4632600, 'PU00145839', '2023-07-12 00:00:00'),
(15787, 404, '4120A267-3', 'ARM,TRAILING INNER RH', 6618, 700, 'PC', NULL, 4632600, 'PU00145840', '2023-07-13 00:00:00'),
(15788, 404, '4120A267-3', 'ARM,TRAILING INNER RH', 6618, 600, 'PC', NULL, 3970800, 'PU00145841', '2023-07-14 00:00:00'),
(15789, 404, '4120A267-3', 'ARM,TRAILING INNER RH', 6618, 600, 'PC', NULL, 3970800, 'PU00145842', '2023-07-17 00:00:00'),
(15790, 404, '4120A267-3', 'ARM,TRAILING INNER RH', 6618, 600, 'PC', NULL, 3970800, 'PU00145843', '2023-07-18 00:00:00'),
(15791, 404, '4120A267-3', 'ARM,TRAILING INNER RH', 6618, 700, 'PC', NULL, 4632600, 'PU00145844', '2023-07-20 00:00:00'),
(15792, 404, '4120A267-3', 'ARM,TRAILING INNER RH', 6618, 700, 'PC', NULL, 4632600, 'PU00145845', '2023-07-21 00:00:00'),
(15793, 404, '4120A267-3', 'ARM,TRAILING INNER RH', 6618, 800, 'PC', NULL, 5294400, 'PU00145846', '2023-07-24 00:00:00'),
(15794, 404, '4120A267-3', 'ARM,TRAILING INNER RH', 6618, 800, 'PC', NULL, 5294400, 'PU00145847', '2023-07-25 00:00:00'),
(15795, 404, '4120A267-3', 'ARM,TRAILING INNER RH', 6618, 800, 'PC', NULL, 5294400, 'PU00145848', '2023-07-26 00:00:00'),
(15796, 404, '4120A267-4', 'ARM,TRAILING OUTER LH', 4742, 882, 'PC', NULL, 4182444, 'PU00145849', '2023-07-03 00:00:00'),
(15797, 404, '4120A267-4', 'ARM,TRAILING OUTER LH', 4742, 644, 'PC', NULL, 3053848, 'PU00145850', '2023-07-04 00:00:00'),
(15798, 404, '4120A267-4', 'ARM,TRAILING OUTER LH', 4742, 644, 'PC', NULL, 3053848, 'PU00145851', '2023-07-05 00:00:00'),
(15799, 404, '4120A267-4', 'ARM,TRAILING OUTER LH', 4742, 644, 'PC', NULL, 3053848, 'PU00145852', '2023-07-06 00:00:00'),
(15800, 404, '4120A267-4', 'ARM,TRAILING OUTER LH', 4742, 644, 'PC', NULL, 3053848, 'PU00145853', '2023-07-07 00:00:00'),
(15801, 404, '4120A267-4', 'ARM,TRAILING OUTER LH', 4742, 644, 'PC', NULL, 3053848, 'PU00145854', '2023-07-10 00:00:00'),
(15802, 404, '4120A267-4', 'ARM,TRAILING OUTER LH', 4742, 644, 'PC', NULL, 3053848, 'PU00145855', '2023-07-11 00:00:00'),
(15803, 404, '4120A267-4', 'ARM,TRAILING OUTER LH', 4742, 644, 'PC', NULL, 3053848, 'PU00145856', '2023-07-12 00:00:00'),
(15804, 404, '4120A267-4', 'ARM,TRAILING OUTER LH', 4742, 644, 'PC', NULL, 3053848, 'PU00145857', '2023-07-13 00:00:00'),
(15805, 404, '4120A267-4', 'ARM,TRAILING OUTER LH', 4742, 644, 'PC', NULL, 3053848, 'PU00145858', '2023-07-14 00:00:00'),
(15806, 404, '4120A267-4', 'ARM,TRAILING OUTER LH', 4742, 644, 'PC', NULL, 3053848, 'PU00145859', '2023-07-17 00:00:00'),
(15807, 404, '4120A267-4', 'ARM,TRAILING OUTER LH', 4742, 644, 'PC', NULL, 3053848, 'PU00145860', '2023-07-18 00:00:00'),
(15808, 404, '4120A267-4', 'ARM,TRAILING OUTER LH', 4742, 644, 'PC', NULL, 3053848, 'PU00145861', '2023-07-20 00:00:00'),
(15809, 404, '4120A267-4', 'ARM,TRAILING OUTER LH', 4742, 644, 'PC', NULL, 3053848, 'PU00145862', '2023-07-21 00:00:00'),
(15810, 404, '4120A267-4', 'ARM,TRAILING OUTER LH', 4742, 840, 'PC', NULL, 3983280, 'PU00145863', '2023-07-24 00:00:00'),
(15811, 404, '4120A267-4', 'ARM,TRAILING OUTER LH', 4742, 840, 'PC', NULL, 3983280, 'PU00145864', '2023-07-25 00:00:00'),
(15812, 404, '4120A267-4', 'ARM,TRAILING OUTER LH', 4742, 840, 'PC', NULL, 3983280, 'PU00145865', '2023-07-26 00:00:00'),
(15813, 404, '4120A267-5', 'ARM,TRAILING OUTER RH', 4754, 882, 'PC', NULL, 4193028, 'PU00145866', '2023-07-03 00:00:00'),
(15814, 404, '4120A267-5', 'ARM,TRAILING OUTER RH', 4754, 644, 'PC', NULL, 3061576, 'PU00145867', '2023-07-04 00:00:00'),
(15815, 404, '4120A267-5', 'ARM,TRAILING OUTER RH', 4754, 644, 'PC', NULL, 3061576, 'PU00145868', '2023-07-05 00:00:00'),
(15816, 404, '4120A267-5', 'ARM,TRAILING OUTER RH', 4754, 644, 'PC', NULL, 3061576, 'PU00145869', '2023-07-06 00:00:00'),
(15817, 404, '4120A267-5', 'ARM,TRAILING OUTER RH', 4754, 644, 'PC', NULL, 3061576, 'PU00145870', '2023-07-07 00:00:00'),
(15818, 404, '4120A267-5', 'ARM,TRAILING OUTER RH', 4754, 644, 'PC', NULL, 3061576, 'PU00145871', '2023-07-10 00:00:00'),
(15819, 404, '4120A267-5', 'ARM,TRAILING OUTER RH', 4754, 644, 'PC', NULL, 3061576, 'PU00145872', '2023-07-11 00:00:00'),
(15820, 404, '4120A267-5', 'ARM,TRAILING OUTER RH', 4754, 644, 'PC', NULL, 3061576, 'PU00145873', '2023-07-12 00:00:00'),
(15821, 404, '4120A267-5', 'ARM,TRAILING OUTER RH', 4754, 644, 'PC', NULL, 3061576, 'PU00145874', '2023-07-13 00:00:00'),
(15822, 404, '4120A267-5', 'ARM,TRAILING OUTER RH', 4754, 644, 'PC', NULL, 3061576, 'PU00145875', '2023-07-14 00:00:00'),
(15823, 404, '4120A267-5', 'ARM,TRAILING OUTER RH', 4754, 644, 'PC', NULL, 3061576, 'PU00145876', '2023-07-17 00:00:00'),
(15824, 404, '4120A267-5', 'ARM,TRAILING OUTER RH', 4754, 644, 'PC', NULL, 3061576, 'PU00145877', '2023-07-18 00:00:00'),
(15825, 404, '4120A267-5', 'ARM,TRAILING OUTER RH', 4754, 644, 'PC', NULL, 3061576, 'PU00145878', '2023-07-20 00:00:00'),
(15826, 404, '4120A267-5', 'ARM,TRAILING OUTER RH', 4754, 644, 'PC', NULL, 3061576, 'PU00145879', '2023-07-21 00:00:00'),
(15827, 404, '4120A267-5', 'ARM,TRAILING OUTER RH', 4754, 840, 'PC', NULL, 3993360, 'PU00145880', '2023-07-24 00:00:00'),
(15828, 404, '4120A267-5', 'ARM,TRAILING OUTER RH', 4754, 840, 'PC', NULL, 3993360, 'PU00145881', '2023-07-25 00:00:00'),
(15829, 404, '4120A267-5', 'ARM,TRAILING OUTER RH', 4754, 840, 'PC', NULL, 3993360, 'PU00145882', '2023-07-26 00:00:00'),
(15830, 404, '4113A015', 'ARM LOWER', 7427, 200, 'PC', NULL, 1485400, 'PU00145883', '2023-07-05 00:00:00'),
(15831, 404, '4113A015', 'ARM LOWER', 7427, 200, 'PC', NULL, 1485400, 'PU00145884', '2023-07-06 00:00:00'),
(15832, 404, '4113A015', 'ARM LOWER', 7427, 200, 'PC', NULL, 1485400, 'PU00145885', '2023-07-07 00:00:00'),
(15833, 404, '4113A015', 'ARM LOWER', 7427, 200, 'PC', NULL, 1485400, 'PU00145886', '2023-07-10 00:00:00'),
(15834, 404, '4113A015', 'ARM LOWER', 7427, 200, 'PC', NULL, 1485400, 'PU00145887', '2023-07-11 00:00:00'),
(15835, 404, '4113A015', 'ARM LOWER', 7427, 200, 'PC', NULL, 1485400, 'PU00145888', '2023-07-12 00:00:00'),
(15836, 404, '4113A015', 'ARM LOWER', 7427, 200, 'PC', NULL, 1485400, 'PU00145889', '2023-07-17 00:00:00'),
(15837, 404, '4113A015', 'ARM LOWER', 7427, 200, 'PC', NULL, 1485400, 'PU00145890', '2023-07-18 00:00:00'),
(15838, 404, '4113A015', 'ARM LOWER', 7427, 200, 'PC', NULL, 1485400, 'PU00145891', '2023-07-20 00:00:00'),
(15839, 404, '4113A015', 'ARM LOWER', 7427, 200, 'PC', NULL, 1485400, 'PU00145892', '2023-07-21 00:00:00'),
(15840, 404, '4113A015', 'ARM LOWER', 7427, 200, 'PC', NULL, 1485400, 'PU00145893', '2023-07-24 00:00:00'),
(15841, 404, '4113A015', 'ARM LOWER', 7427, 200, 'PC', NULL, 1485400, 'PU00145894', '2023-07-25 00:00:00'),
(15842, 404, '4113A016', 'REINFORCE', 7754, 200, 'PC', NULL, 1550800, 'PU00145895', '2023-07-05 00:00:00'),
(15843, 404, '4113A016', 'REINFORCE', 7754, 200, 'PC', NULL, 1550800, 'PU00145896', '2023-07-06 00:00:00'),
(15844, 404, '4113A016', 'REINFORCE', 7754, 200, 'PC', NULL, 1550800, 'PU00145897', '2023-07-07 00:00:00'),
(15845, 404, '4113A016', 'REINFORCE', 7754, 200, 'PC', NULL, 1550800, 'PU00145898', '2023-07-10 00:00:00'),
(15846, 404, '4113A016', 'REINFORCE', 7754, 200, 'PC', NULL, 1550800, 'PU00145899', '2023-07-11 00:00:00'),
(15847, 404, '4113A016', 'REINFORCE', 7754, 200, 'PC', NULL, 1550800, 'PU00145900', '2023-07-12 00:00:00'),
(15848, 404, '4113A016', 'REINFORCE', 7754, 200, 'PC', NULL, 1550800, 'PU00145901', '2023-07-17 00:00:00'),
(15849, 404, '4113A016', 'REINFORCE', 7754, 200, 'PC', NULL, 1550800, 'PU00145902', '2023-07-18 00:00:00'),
(15850, 404, '4113A016', 'REINFORCE', 7754, 200, 'PC', NULL, 1550800, 'PU00145903', '2023-07-20 00:00:00'),
(15851, 404, '4113A016', 'REINFORCE', 7754, 200, 'PC', NULL, 1550800, 'PU00145904', '2023-07-21 00:00:00'),
(15852, 404, '4113A016', 'REINFORCE', 7754, 200, 'PC', NULL, 1550800, 'PU00145905', '2023-07-24 00:00:00'),
(15853, 404, '4113A016', 'REINFORCE', 7754, 200, 'PC', NULL, 1550800, 'PU00145906', '2023-07-25 00:00:00'),
(15854, 404, '45811-73R00', 'FRAME,FRONT SUSPENSION UPPER', 11327, 220, 'PC', NULL, 2491940, 'PU00145907', '2023-07-03 00:00:00'),
(15855, 404, '45811-73R00', 'FRAME,FRONT SUSPENSION UPPER', 11327, 220, 'PC', NULL, 2491940, 'PU00145908', '2023-07-04 00:00:00'),
(15856, 404, '45811-73R00', 'FRAME,FRONT SUSPENSION UPPER', 11327, 220, 'PC', NULL, 2491940, 'PU00145909', '2023-07-05 00:00:00'),
(15857, 404, '45811-73R00', 'FRAME,FRONT SUSPENSION UPPER', 11327, 220, 'PC', NULL, 2491940, 'PU00145910', '2023-07-06 00:00:00'),
(15858, 404, '45811-73R00', 'FRAME,FRONT SUSPENSION UPPER', 11327, 220, 'PC', NULL, 2491940, 'PU00145911', '2023-07-07 00:00:00'),
(15859, 404, '45811-73R00', 'FRAME,FRONT SUSPENSION UPPER', 11327, 220, 'PC', NULL, 2491940, 'PU00145912', '2023-07-10 00:00:00'),
(15860, 404, '45811-73R00', 'FRAME,FRONT SUSPENSION UPPER', 11327, 220, 'PC', NULL, 2491940, 'PU00145913', '2023-07-11 00:00:00'),
(15861, 404, '45811-73R00', 'FRAME,FRONT SUSPENSION UPPER', 11327, 220, 'PC', NULL, 2491940, 'PU00145914', '2023-07-12 00:00:00'),
(15862, 404, '45811-73R00', 'FRAME,FRONT SUSPENSION UPPER', 11327, 220, 'PC', NULL, 2491940, 'PU00145915', '2023-07-13 00:00:00'),
(15863, 404, '45811-73R00', 'FRAME,FRONT SUSPENSION UPPER', 11327, 220, 'PC', NULL, 2491940, 'PU00145916', '2023-07-14 00:00:00'),
(15864, 404, '45811-73R00', 'FRAME,FRONT SUSPENSION UPPER', 11327, 220, 'PC', NULL, 2491940, 'PU00145917', '2023-07-17 00:00:00'),
(15865, 404, '45811-73R00', 'FRAME,FRONT SUSPENSION UPPER', 11327, 220, 'PC', NULL, 2491940, 'PU00145918', '2023-07-18 00:00:00'),
(15866, 404, '45811-73R00', 'FRAME,FRONT SUSPENSION UPPER', 11327, 220, 'PC', NULL, 2491940, 'PU00145919', '2023-07-20 00:00:00'),
(15867, 404, '45811-73R00', 'FRAME,FRONT SUSPENSION UPPER', 11327, 220, 'PC', NULL, 2491940, 'PU00145920', '2023-07-21 00:00:00'),
(15868, 404, '45811-73R00', 'FRAME,FRONT SUSPENSION UPPER', 11327, 220, 'PC', NULL, 2491940, 'PU00145921', '2023-07-24 00:00:00'),
(15869, 404, '45811-73R00', 'FRAME,FRONT SUSPENSION UPPER', 11327, 220, 'PC', NULL, 2491940, 'PU00145922', '2023-07-25 00:00:00'),
(15870, 404, '45811-73R00', 'FRAME,FRONT SUSPENSION UPPER', 11327, 220, 'PC', NULL, 2491940, 'PU00145923', '2023-07-26 00:00:00'),
(15871, 404, '45812-73R00', 'FRAME,FRONT SUSPENSION LOWER', 11184, 300, 'PC', NULL, 3355200, 'PU00145924', '2023-07-03 00:00:00'),
(15872, 404, '45812-73R00', 'FRAME,FRONT SUSPENSION LOWER', 11184, 200, 'PC', NULL, 2236800, 'PU00145925', '2023-07-04 00:00:00'),
(15873, 404, '45812-73R00', 'FRAME,FRONT SUSPENSION LOWER', 11184, 200, 'PC', NULL, 2236800, 'PU00145926', '2023-07-05 00:00:00'),
(15874, 404, '45812-73R00', 'FRAME,FRONT SUSPENSION LOWER', 11184, 200, 'PC', NULL, 2236800, 'PU00145927', '2023-07-06 00:00:00'),
(15875, 404, '45812-73R00', 'FRAME,FRONT SUSPENSION LOWER', 11184, 300, 'PC', NULL, 3355200, 'PU00145928', '2023-07-07 00:00:00'),
(15876, 404, '45812-73R00', 'FRAME,FRONT SUSPENSION LOWER', 11184, 200, 'PC', NULL, 2236800, 'PU00145929', '2023-07-10 00:00:00'),
(15877, 404, '45812-73R00', 'FRAME,FRONT SUSPENSION LOWER', 11184, 200, 'PC', NULL, 2236800, 'PU00145930', '2023-07-11 00:00:00'),
(15878, 404, '45812-73R00', 'FRAME,FRONT SUSPENSION LOWER', 11184, 200, 'PC', NULL, 2236800, 'PU00145931', '2023-07-12 00:00:00'),
(15879, 404, '45812-73R00', 'FRAME,FRONT SUSPENSION LOWER', 11184, 200, 'PC', NULL, 2236800, 'PU00145932', '2023-07-13 00:00:00'),
(15880, 404, '45812-73R00', 'FRAME,FRONT SUSPENSION LOWER', 11184, 300, 'PC', NULL, 3355200, 'PU00145933', '2023-07-14 00:00:00'),
(15881, 404, '45812-73R00', 'FRAME,FRONT SUSPENSION LOWER', 11184, 300, 'PC', NULL, 3355200, 'PU00145934', '2023-07-17 00:00:00'),
(15882, 404, '45812-73R00', 'FRAME,FRONT SUSPENSION LOWER', 11184, 200, 'PC', NULL, 2236800, 'PU00145935', '2023-07-18 00:00:00'),
(15883, 404, '45812-73R00', 'FRAME,FRONT SUSPENSION LOWER', 11184, 200, 'PC', NULL, 2236800, 'PU00145936', '2023-07-20 00:00:00'),
(15884, 404, '45812-73R00', 'FRAME,FRONT SUSPENSION LOWER', 11184, 200, 'PC', NULL, 2236800, 'PU00145937', '2023-07-21 00:00:00'),
(15885, 404, '45812-73R00', 'FRAME,FRONT SUSPENSION LOWER', 11184, 200, 'PC', NULL, 2236800, 'PU00145938', '2023-07-24 00:00:00'),
(15886, 404, '45812-73R00', 'FRAME,FRONT SUSPENSION LOWER', 11184, 200, 'PC', NULL, 2236800, 'PU00145939', '2023-07-25 00:00:00'),
(15887, 404, '45812-73R00', 'FRAME,FRONT SUSPENSION LOWER', 11184, 200, 'PC', NULL, 2236800, 'PU00145940', '2023-07-26 00:00:00'),
(15888, 404, '46511-52S00', 'HOUSING CENTER, UPPER ', 6873, 315, 'PC', NULL, 2164995, 'PU00145941', '2023-07-03 00:00:00'),
(15889, 404, '46511-52S00', 'HOUSING CENTER, UPPER ', 6873, 315, 'PC', NULL, 2164995, 'PU00145942', '2023-07-04 00:00:00'),
(15890, 404, '46511-52S00', 'HOUSING CENTER, UPPER ', 6873, 270, 'PC', NULL, 1855710, 'PU00145943', '2023-07-05 00:00:00'),
(15891, 404, '46511-52S00', 'HOUSING CENTER, UPPER ', 6873, 270, 'PC', NULL, 1855710, 'PU00145944', '2023-07-06 00:00:00'),
(15892, 404, '46511-52S00', 'HOUSING CENTER, UPPER ', 6873, 315, 'PC', NULL, 2164995, 'PU00145945', '2023-07-07 00:00:00'),
(15893, 404, '46511-52S00', 'HOUSING CENTER, UPPER ', 6873, 270, 'PC', NULL, 1855710, 'PU00145946', '2023-07-10 00:00:00'),
(15894, 404, '46511-52S00', 'HOUSING CENTER, UPPER ', 6873, 270, 'PC', NULL, 1855710, 'PU00145947', '2023-07-11 00:00:00'),
(15895, 404, '46511-52S00', 'HOUSING CENTER, UPPER ', 6873, 270, 'PC', NULL, 1855710, 'PU00145948', '2023-07-12 00:00:00'),
(15896, 404, '46511-52S00', 'HOUSING CENTER, UPPER ', 6873, 270, 'PC', NULL, 1855710, 'PU00145949', '2023-07-13 00:00:00'),
(15897, 404, '46511-52S00', 'HOUSING CENTER, UPPER ', 6873, 270, 'PC', NULL, 1855710, 'PU00145950', '2023-07-14 00:00:00'),
(15898, 404, '46511-52S00', 'HOUSING CENTER, UPPER ', 6873, 270, 'PC', NULL, 1855710, 'PU00145951', '2023-07-17 00:00:00'),
(15899, 404, '46511-52S00', 'HOUSING CENTER, UPPER ', 6873, 270, 'PC', NULL, 1855710, 'PU00145952', '2023-07-18 00:00:00'),
(15900, 404, '46511-52S00', 'HOUSING CENTER, UPPER ', 6873, 270, 'PC', NULL, 1855710, 'PU00145953', '2023-07-20 00:00:00'),
(15901, 404, '46511-52S00', 'HOUSING CENTER, UPPER ', 6873, 270, 'PC', NULL, 1855710, 'PU00145954', '2023-07-21 00:00:00'),
(15902, 404, '46511-52S00', 'HOUSING CENTER, UPPER ', 6873, 315, 'PC', NULL, 2164995, 'PU00145955', '2023-07-24 00:00:00'),
(15903, 404, '46511-52S00', 'HOUSING CENTER, UPPER ', 6873, 315, 'PC', NULL, 2164995, 'PU00145956', '2023-07-25 00:00:00'),
(15904, 404, '46511-52S00', 'HOUSING CENTER, UPPER ', 6873, 315, 'PC', NULL, 2164995, 'PU00145957', '2023-07-26 00:00:00'),
(15905, 404, '46514-52S00', 'HOUSING CENTER, LOWER ', 6873, 315, 'PC', NULL, 2164995, 'PU00145958', '2023-07-03 00:00:00'),
(15906, 404, '46514-52S00', 'HOUSING CENTER, LOWER ', 6873, 315, 'PC', NULL, 2164995, 'PU00145959', '2023-07-04 00:00:00'),
(15907, 404, '46514-52S00', 'HOUSING CENTER, LOWER ', 6873, 270, 'PC', NULL, 1855710, 'PU00145960', '2023-07-05 00:00:00'),
(15908, 404, '46514-52S00', 'HOUSING CENTER, LOWER ', 6873, 270, 'PC', NULL, 1855710, 'PU00145961', '2023-07-06 00:00:00'),
(15909, 404, '46514-52S00', 'HOUSING CENTER, LOWER ', 6873, 315, 'PC', NULL, 2164995, 'PU00145962', '2023-07-07 00:00:00'),
(15910, 404, '46514-52S00', 'HOUSING CENTER, LOWER ', 6873, 270, 'PC', NULL, 1855710, 'PU00145963', '2023-07-10 00:00:00'),
(15911, 404, '46514-52S00', 'HOUSING CENTER, LOWER ', 6873, 270, 'PC', NULL, 1855710, 'PU00145964', '2023-07-11 00:00:00'),
(15912, 404, '46514-52S00', 'HOUSING CENTER, LOWER ', 6873, 270, 'PC', NULL, 1855710, 'PU00145965', '2023-07-12 00:00:00'),
(15913, 404, '46514-52S00', 'HOUSING CENTER, LOWER ', 6873, 270, 'PC', NULL, 1855710, 'PU00145966', '2023-07-13 00:00:00'),
(15914, 404, '46514-52S00', 'HOUSING CENTER, LOWER ', 6873, 270, 'PC', NULL, 1855710, 'PU00145967', '2023-07-14 00:00:00'),
(15915, 404, '46514-52S00', 'HOUSING CENTER, LOWER ', 6873, 270, 'PC', NULL, 1855710, 'PU00145968', '2023-07-17 00:00:00'),
(15916, 404, '46514-52S00', 'HOUSING CENTER, LOWER ', 6873, 270, 'PC', NULL, 1855710, 'PU00145969', '2023-07-18 00:00:00'),
(15917, 404, '46514-52S00', 'HOUSING CENTER, LOWER ', 6873, 270, 'PC', NULL, 1855710, 'PU00145970', '2023-07-20 00:00:00'),
(15918, 404, '46514-52S00', 'HOUSING CENTER, LOWER ', 6873, 270, 'PC', NULL, 1855710, 'PU00145971', '2023-07-21 00:00:00'),
(15919, 404, '46514-52S00', 'HOUSING CENTER, LOWER ', 6873, 315, 'PC', NULL, 2164995, 'PU00145972', '2023-07-24 00:00:00'),
(15920, 404, '46514-52S00', 'HOUSING CENTER, LOWER ', 6873, 315, 'PC', NULL, 2164995, 'PU00145973', '2023-07-25 00:00:00'),
(15921, 404, '46514-52S00', 'HOUSING CENTER, LOWER ', 6873, 315, 'PC', NULL, 2164995, 'PU00145974', '2023-07-26 00:00:00'),
(15922, 405, '4000A389-1', 'PLATE,UPPER', 3639, 800, 'PC', NULL, 2911200, 'PU00145764', '2023-07-03 00:00:00'),
(15923, 405, '4000A389-1', 'PLATE,UPPER', 3639, 640, 'PC', NULL, 2328960, 'PU00145765', '2023-07-04 00:00:00'),
(15924, 405, '4000A389-1', 'PLATE,UPPER', 3639, 640, 'PC', NULL, 2328960, 'PU00145766', '2023-07-05 00:00:00'),
(15925, 405, '4000A389-1', 'PLATE,UPPER', 3639, 640, 'PC', NULL, 2328960, 'PU00145767', '2023-07-06 00:00:00'),
(15926, 405, '4000A389-1', 'PLATE,UPPER', 3639, 800, 'PC', NULL, 2911200, 'PU00145768', '2023-07-07 00:00:00'),
(15927, 405, '4000A389-1', 'PLATE,UPPER', 3639, 800, 'PC', NULL, 2911200, 'PU00145769', '2023-07-10 00:00:00'),
(15928, 405, '4000A389-1', 'PLATE,UPPER', 3639, 640, 'PC', NULL, 2328960, 'PU00145770', '2023-07-11 00:00:00'),
(15929, 405, '4000A389-1', 'PLATE,UPPER', 3639, 640, 'PC', NULL, 2328960, 'PU00145771', '2023-07-12 00:00:00'),
(15930, 405, '4000A389-1', 'PLATE,UPPER', 3639, 640, 'PC', NULL, 2328960, 'PU00145772', '2023-07-13 00:00:00'),
(15931, 405, '4000A389-1', 'PLATE,UPPER', 3639, 800, 'PC', NULL, 2911200, 'PU00145773', '2023-07-14 00:00:00'),
(15932, 405, '4000A389-1', 'PLATE,UPPER', 3639, 800, 'PC', NULL, 2911200, 'PU00145774', '2023-07-17 00:00:00'),
(15933, 405, '4000A389-1', 'PLATE,UPPER', 3639, 640, 'PC', NULL, 2328960, 'PU00145775', '2023-07-18 00:00:00'),
(15934, 405, '4000A389-1', 'PLATE,UPPER', 3639, 640, 'PC', NULL, 2328960, 'PU00145776', '2023-07-20 00:00:00'),
(15935, 405, '4000A389-1', 'PLATE,UPPER', 3639, 800, 'PC', NULL, 2911200, 'PU00145777', '2023-07-21 00:00:00'),
(15936, 405, '4000A389-1', 'PLATE,UPPER', 3639, 800, 'PC', NULL, 2911200, 'PU00145778', '2023-07-24 00:00:00'),
(15937, 405, '4000A389-1', 'PLATE,UPPER', 3639, 800, 'PC', NULL, 2911200, 'PU00145779', '2023-07-25 00:00:00'),
(15938, 405, '4000A389-1', 'PLATE,UPPER', 3639, 800, 'PC', NULL, 2911200, 'PU00145780', '2023-07-26 00:00:00'),
(15939, 405, '4000A389-2', 'PLATE LOWER', 4941, 900, 'PC', NULL, 4446900, 'PU00145781', '2023-07-03 00:00:00'),
(15940, 405, '4000A389-2', 'PLATE LOWER', 4941, 900, 'PC', NULL, 4446900, 'PU00145782', '2023-07-04 00:00:00'),
(15941, 405, '4000A389-2', 'PLATE LOWER', 4941, 720, 'PC', NULL, 3557520, 'PU00145783', '2023-07-05 00:00:00'),
(15942, 405, '4000A389-2', 'PLATE LOWER', 4941, 720, 'PC', NULL, 3557520, 'PU00145784', '2023-07-06 00:00:00'),
(15943, 405, '4000A389-2', 'PLATE LOWER', 4941, 720, 'PC', NULL, 3557520, 'PU00145785', '2023-07-07 00:00:00'),
(15944, 405, '4000A389-2', 'PLATE LOWER', 4941, 630, 'PC', NULL, 3112830, 'PU00145786', '2023-07-10 00:00:00'),
(15945, 405, '4000A389-2', 'PLATE LOWER', 4941, 630, 'PC', NULL, 3112830, 'PU00145787', '2023-07-11 00:00:00'),
(15946, 405, '4000A389-2', 'PLATE LOWER', 4941, 630, 'PC', NULL, 3112830, 'PU00145788', '2023-07-12 00:00:00'),
(15947, 405, '4000A389-2', 'PLATE LOWER', 4941, 630, 'PC', NULL, 3112830, 'PU00145789', '2023-07-13 00:00:00'),
(15948, 405, '4000A389-2', 'PLATE LOWER', 4941, 900, 'PC', NULL, 4446900, 'PU00145790', '2023-07-14 00:00:00'),
(15949, 405, '4000A389-2', 'PLATE LOWER', 4941, 630, 'PC', NULL, 3112830, 'PU00145791', '2023-07-17 00:00:00'),
(15950, 405, '4000A389-2', 'PLATE LOWER', 4941, 630, 'PC', NULL, 3112830, 'PU00145792', '2023-07-18 00:00:00'),
(15951, 405, '4000A389-2', 'PLATE LOWER', 4941, 630, 'PC', NULL, 3112830, 'PU00145793', '2023-07-20 00:00:00'),
(15952, 405, '4000A389-2', 'PLATE LOWER', 4941, 630, 'PC', NULL, 3112830, 'PU00145794', '2023-07-21 00:00:00'),
(15953, 405, '4000A389-2', 'PLATE LOWER', 4941, 720, 'PC', NULL, 3557520, 'PU00145795', '2023-07-24 00:00:00'),
(15954, 405, '4000A389-2', 'PLATE LOWER', 4941, 900, 'PC', NULL, 4446900, 'PU00145796', '2023-07-25 00:00:00'),
(15955, 405, '4000A389-2', 'PLATE LOWER', 4941, 900, 'PC', NULL, 4446900, 'PU00145797', '2023-07-26 00:00:00'),
(15956, 405, '4120A267-1', 'BEAM, TORSION', 4925, 700, 'PC', NULL, 3447500, 'PU00145798', '2023-07-03 00:00:00'),
(15957, 405, '4120A267-1', 'BEAM, TORSION', 4925, 700, 'PC', NULL, 3447500, 'PU00145799', '2023-07-04 00:00:00'),
(15958, 405, '4120A267-1', 'BEAM, TORSION', 4925, 700, 'PC', NULL, 3447500, 'PU00145800', '2023-07-05 00:00:00'),
(15959, 405, '4120A267-1', 'BEAM, TORSION', 4925, 600, 'PC', NULL, 2955000, 'PU00145801', '2023-07-06 00:00:00'),
(15960, 405, '4120A267-1', 'BEAM, TORSION', 4925, 700, 'PC', NULL, 3447500, 'PU00145802', '2023-07-07 00:00:00'),
(15961, 405, '4120A267-1', 'BEAM, TORSION', 4925, 700, 'PC', NULL, 3447500, 'PU00145803', '2023-07-10 00:00:00'),
(15962, 405, '4120A267-1', 'BEAM, TORSION', 4925, 600, 'PC', NULL, 2955000, 'PU00145804', '2023-07-11 00:00:00'),
(15963, 405, '4120A267-1', 'BEAM, TORSION', 4925, 600, 'PC', NULL, 2955000, 'PU00145805', '2023-07-12 00:00:00'),
(15964, 405, '4120A267-1', 'BEAM, TORSION', 4925, 600, 'PC', NULL, 2955000, 'PU00145806', '2023-07-13 00:00:00'),
(15965, 405, '4120A267-1', 'BEAM, TORSION', 4925, 600, 'PC', NULL, 2955000, 'PU00145807', '2023-07-14 00:00:00'),
(15966, 405, '4120A267-1', 'BEAM, TORSION', 4925, 700, 'PC', NULL, 3447500, 'PU00145808', '2023-07-17 00:00:00'),
(15967, 405, '4120A267-1', 'BEAM, TORSION', 4925, 600, 'PC', NULL, 2955000, 'PU00145809', '2023-07-18 00:00:00'),
(15968, 405, '4120A267-1', 'BEAM, TORSION', 4925, 700, 'PC', NULL, 3447500, 'PU00145810', '2023-07-20 00:00:00'),
(15969, 405, '4120A267-1', 'BEAM, TORSION', 4925, 700, 'PC', NULL, 3447500, 'PU00145811', '2023-07-21 00:00:00'),
(15970, 405, '4120A267-1', 'BEAM, TORSION', 4925, 800, 'PC', NULL, 3940000, 'PU00145812', '2023-07-24 00:00:00'),
(15971, 405, '4120A267-1', 'BEAM, TORSION', 4925, 800, 'PC', NULL, 3940000, 'PU00145813', '2023-07-25 00:00:00'),
(15972, 405, '4120A267-1', 'BEAM, TORSION', 4925, 800, 'PC', NULL, 3940000, 'PU00145814', '2023-07-26 00:00:00'),
(15973, 405, '4120A267-2', 'ARM,TRAILING INNER LH', 6612, 700, 'PC', NULL, 4628400, 'PU00145815', '2023-07-03 00:00:00'),
(15974, 405, '4120A267-2', 'ARM,TRAILING INNER LH', 6612, 700, 'PC', NULL, 4628400, 'PU00145816', '2023-07-04 00:00:00'),
(15975, 405, '4120A267-2', 'ARM,TRAILING INNER LH', 6612, 700, 'PC', NULL, 4628400, 'PU00145817', '2023-07-05 00:00:00'),
(15976, 405, '4120A267-2', 'ARM,TRAILING INNER LH', 6612, 700, 'PC', NULL, 4628400, 'PU00145818', '2023-07-06 00:00:00'),
(15977, 405, '4120A267-2', 'ARM,TRAILING INNER LH', 6612, 600, 'PC', NULL, 3967200, 'PU00145819', '2023-07-07 00:00:00'),
(15978, 405, '4120A267-2', 'ARM,TRAILING INNER LH', 6612, 700, 'PC', NULL, 4628400, 'PU00145820', '2023-07-10 00:00:00'),
(15979, 405, '4120A267-2', 'ARM,TRAILING INNER LH', 6612, 700, 'PC', NULL, 4628400, 'PU00145821', '2023-07-11 00:00:00'),
(15980, 405, '4120A267-2', 'ARM,TRAILING INNER LH', 6612, 700, 'PC', NULL, 4628400, 'PU00145822', '2023-07-12 00:00:00'),
(15981, 405, '4120A267-2', 'ARM,TRAILING INNER LH', 6612, 700, 'PC', NULL, 4628400, 'PU00145823', '2023-07-13 00:00:00'),
(15982, 405, '4120A267-2', 'ARM,TRAILING INNER LH', 6612, 600, 'PC', NULL, 3967200, 'PU00145824', '2023-07-14 00:00:00'),
(15983, 405, '4120A267-2', 'ARM,TRAILING INNER LH', 6612, 600, 'PC', NULL, 3967200, 'PU00145825', '2023-07-17 00:00:00'),
(15984, 405, '4120A267-2', 'ARM,TRAILING INNER LH', 6612, 600, 'PC', NULL, 3967200, 'PU00145826', '2023-07-18 00:00:00'),
(15985, 405, '4120A267-2', 'ARM,TRAILING INNER LH', 6612, 700, 'PC', NULL, 4628400, 'PU00145827', '2023-07-20 00:00:00'),
(15986, 405, '4120A267-2', 'ARM,TRAILING INNER LH', 6612, 700, 'PC', NULL, 4628400, 'PU00145828', '2023-07-21 00:00:00'),
(15987, 405, '4120A267-2', 'ARM,TRAILING INNER LH', 6612, 800, 'PC', NULL, 5289600, 'PU00145829', '2023-07-24 00:00:00'),
(15988, 405, '4120A267-2', 'ARM,TRAILING INNER LH', 6612, 800, 'PC', NULL, 5289600, 'PU00145830', '2023-07-25 00:00:00'),
(15989, 405, '4120A267-2', 'ARM,TRAILING INNER LH', 6612, 800, 'PC', NULL, 5289600, 'PU00145831', '2023-07-26 00:00:00'),
(15990, 405, '4120A267-3', 'ARM,TRAILING INNER RH', 6618, 700, 'PC', NULL, 4632600, 'PU00145832', '2023-07-03 00:00:00'),
(15991, 405, '4120A267-3', 'ARM,TRAILING INNER RH', 6618, 700, 'PC', NULL, 4632600, 'PU00145833', '2023-07-04 00:00:00'),
(15992, 405, '4120A267-3', 'ARM,TRAILING INNER RH', 6618, 700, 'PC', NULL, 4632600, 'PU00145834', '2023-07-05 00:00:00'),
(15993, 405, '4120A267-3', 'ARM,TRAILING INNER RH', 6618, 700, 'PC', NULL, 4632600, 'PU00145835', '2023-07-06 00:00:00'),
(15994, 405, '4120A267-3', 'ARM,TRAILING INNER RH', 6618, 600, 'PC', NULL, 3970800, 'PU00145836', '2023-07-07 00:00:00'),
(15995, 405, '4120A267-3', 'ARM,TRAILING INNER RH', 6618, 700, 'PC', NULL, 4632600, 'PU00145837', '2023-07-10 00:00:00'),
(15996, 405, '4120A267-3', 'ARM,TRAILING INNER RH', 6618, 700, 'PC', NULL, 4632600, 'PU00145838', '2023-07-11 00:00:00'),
(15997, 405, '4120A267-3', 'ARM,TRAILING INNER RH', 6618, 700, 'PC', NULL, 4632600, 'PU00145839', '2023-07-12 00:00:00'),
(15998, 405, '4120A267-3', 'ARM,TRAILING INNER RH', 6618, 700, 'PC', NULL, 4632600, 'PU00145840', '2023-07-13 00:00:00'),
(15999, 405, '4120A267-3', 'ARM,TRAILING INNER RH', 6618, 600, 'PC', NULL, 3970800, 'PU00145841', '2023-07-14 00:00:00'),
(16000, 405, '4120A267-3', 'ARM,TRAILING INNER RH', 6618, 600, 'PC', NULL, 3970800, 'PU00145842', '2023-07-17 00:00:00'),
(16001, 405, '4120A267-3', 'ARM,TRAILING INNER RH', 6618, 600, 'PC', NULL, 3970800, 'PU00145843', '2023-07-18 00:00:00'),
(16002, 405, '4120A267-3', 'ARM,TRAILING INNER RH', 6618, 700, 'PC', NULL, 4632600, 'PU00145844', '2023-07-20 00:00:00'),
(16003, 405, '4120A267-3', 'ARM,TRAILING INNER RH', 6618, 700, 'PC', NULL, 4632600, 'PU00145845', '2023-07-21 00:00:00'),
(16004, 405, '4120A267-3', 'ARM,TRAILING INNER RH', 6618, 800, 'PC', NULL, 5294400, 'PU00145846', '2023-07-24 00:00:00'),
(16005, 405, '4120A267-3', 'ARM,TRAILING INNER RH', 6618, 800, 'PC', NULL, 5294400, 'PU00145847', '2023-07-25 00:00:00'),
(16006, 405, '4120A267-3', 'ARM,TRAILING INNER RH', 6618, 800, 'PC', NULL, 5294400, 'PU00145848', '2023-07-26 00:00:00'),
(16007, 405, '4120A267-4', 'ARM,TRAILING OUTER LH', 4742, 882, 'PC', NULL, 4182444, 'PU00145849', '2023-07-03 00:00:00'),
(16008, 405, '4120A267-4', 'ARM,TRAILING OUTER LH', 4742, 644, 'PC', NULL, 3053848, 'PU00145850', '2023-07-04 00:00:00'),
(16009, 405, '4120A267-4', 'ARM,TRAILING OUTER LH', 4742, 644, 'PC', NULL, 3053848, 'PU00145851', '2023-07-05 00:00:00'),
(16010, 405, '4120A267-4', 'ARM,TRAILING OUTER LH', 4742, 644, 'PC', NULL, 3053848, 'PU00145852', '2023-07-06 00:00:00'),
(16011, 405, '4120A267-4', 'ARM,TRAILING OUTER LH', 4742, 644, 'PC', NULL, 3053848, 'PU00145853', '2023-07-07 00:00:00'),
(16012, 405, '4120A267-4', 'ARM,TRAILING OUTER LH', 4742, 644, 'PC', NULL, 3053848, 'PU00145854', '2023-07-10 00:00:00'),
(16013, 405, '4120A267-4', 'ARM,TRAILING OUTER LH', 4742, 644, 'PC', NULL, 3053848, 'PU00145855', '2023-07-11 00:00:00'),
(16014, 405, '4120A267-4', 'ARM,TRAILING OUTER LH', 4742, 644, 'PC', NULL, 3053848, 'PU00145856', '2023-07-12 00:00:00'),
(16015, 405, '4120A267-4', 'ARM,TRAILING OUTER LH', 4742, 644, 'PC', NULL, 3053848, 'PU00145857', '2023-07-13 00:00:00'),
(16016, 405, '4120A267-4', 'ARM,TRAILING OUTER LH', 4742, 644, 'PC', NULL, 3053848, 'PU00145858', '2023-07-14 00:00:00'),
(16017, 405, '4120A267-4', 'ARM,TRAILING OUTER LH', 4742, 644, 'PC', NULL, 3053848, 'PU00145859', '2023-07-17 00:00:00'),
(16018, 405, '4120A267-4', 'ARM,TRAILING OUTER LH', 4742, 644, 'PC', NULL, 3053848, 'PU00145860', '2023-07-18 00:00:00'),
(16019, 405, '4120A267-4', 'ARM,TRAILING OUTER LH', 4742, 644, 'PC', NULL, 3053848, 'PU00145861', '2023-07-20 00:00:00'),
(16020, 405, '4120A267-4', 'ARM,TRAILING OUTER LH', 4742, 644, 'PC', NULL, 3053848, 'PU00145862', '2023-07-21 00:00:00'),
(16021, 405, '4120A267-4', 'ARM,TRAILING OUTER LH', 4742, 840, 'PC', NULL, 3983280, 'PU00145863', '2023-07-24 00:00:00'),
(16022, 405, '4120A267-4', 'ARM,TRAILING OUTER LH', 4742, 840, 'PC', NULL, 3983280, 'PU00145864', '2023-07-25 00:00:00'),
(16023, 405, '4120A267-4', 'ARM,TRAILING OUTER LH', 4742, 840, 'PC', NULL, 3983280, 'PU00145865', '2023-07-26 00:00:00'),
(16024, 405, '4120A267-5', 'ARM,TRAILING OUTER RH', 4754, 882, 'PC', NULL, 4193028, 'PU00145866', '2023-07-03 00:00:00'),
(16025, 405, '4120A267-5', 'ARM,TRAILING OUTER RH', 4754, 644, 'PC', NULL, 3061576, 'PU00145867', '2023-07-04 00:00:00'),
(16026, 405, '4120A267-5', 'ARM,TRAILING OUTER RH', 4754, 644, 'PC', NULL, 3061576, 'PU00145868', '2023-07-05 00:00:00'),
(16027, 405, '4120A267-5', 'ARM,TRAILING OUTER RH', 4754, 644, 'PC', NULL, 3061576, 'PU00145869', '2023-07-06 00:00:00'),
(16028, 405, '4120A267-5', 'ARM,TRAILING OUTER RH', 4754, 644, 'PC', NULL, 3061576, 'PU00145870', '2023-07-07 00:00:00'),
(16029, 405, '4120A267-5', 'ARM,TRAILING OUTER RH', 4754, 644, 'PC', NULL, 3061576, 'PU00145871', '2023-07-10 00:00:00'),
(16030, 405, '4120A267-5', 'ARM,TRAILING OUTER RH', 4754, 644, 'PC', NULL, 3061576, 'PU00145872', '2023-07-11 00:00:00'),
(16031, 405, '4120A267-5', 'ARM,TRAILING OUTER RH', 4754, 644, 'PC', NULL, 3061576, 'PU00145873', '2023-07-12 00:00:00'),
(16032, 405, '4120A267-5', 'ARM,TRAILING OUTER RH', 4754, 644, 'PC', NULL, 3061576, 'PU00145874', '2023-07-13 00:00:00'),
(16033, 405, '4120A267-5', 'ARM,TRAILING OUTER RH', 4754, 644, 'PC', NULL, 3061576, 'PU00145875', '2023-07-14 00:00:00'),
(16034, 405, '4120A267-5', 'ARM,TRAILING OUTER RH', 4754, 644, 'PC', NULL, 3061576, 'PU00145876', '2023-07-17 00:00:00'),
(16035, 405, '4120A267-5', 'ARM,TRAILING OUTER RH', 4754, 644, 'PC', NULL, 3061576, 'PU00145877', '2023-07-18 00:00:00'),
(16036, 405, '4120A267-5', 'ARM,TRAILING OUTER RH', 4754, 644, 'PC', NULL, 3061576, 'PU00145878', '2023-07-20 00:00:00'),
(16037, 405, '4120A267-5', 'ARM,TRAILING OUTER RH', 4754, 644, 'PC', NULL, 3061576, 'PU00145879', '2023-07-21 00:00:00'),
(16038, 405, '4120A267-5', 'ARM,TRAILING OUTER RH', 4754, 840, 'PC', NULL, 3993360, 'PU00145880', '2023-07-24 00:00:00'),
(16039, 405, '4120A267-5', 'ARM,TRAILING OUTER RH', 4754, 840, 'PC', NULL, 3993360, 'PU00145881', '2023-07-25 00:00:00'),
(16040, 405, '4120A267-5', 'ARM,TRAILING OUTER RH', 4754, 840, 'PC', NULL, 3993360, 'PU00145882', '2023-07-26 00:00:00'),
(16041, 405, '4113A015', 'ARM LOWER', 7427, 200, 'PC', NULL, 1485400, 'PU00145883', '2023-07-05 00:00:00'),
(16042, 405, '4113A015', 'ARM LOWER', 7427, 200, 'PC', NULL, 1485400, 'PU00145884', '2023-07-06 00:00:00'),
(16043, 405, '4113A015', 'ARM LOWER', 7427, 200, 'PC', NULL, 1485400, 'PU00145885', '2023-07-07 00:00:00'),
(16044, 405, '4113A015', 'ARM LOWER', 7427, 200, 'PC', NULL, 1485400, 'PU00145886', '2023-07-10 00:00:00'),
(16045, 405, '4113A015', 'ARM LOWER', 7427, 200, 'PC', NULL, 1485400, 'PU00145887', '2023-07-11 00:00:00'),
(16046, 405, '4113A015', 'ARM LOWER', 7427, 200, 'PC', NULL, 1485400, 'PU00145888', '2023-07-12 00:00:00'),
(16047, 405, '4113A015', 'ARM LOWER', 7427, 200, 'PC', NULL, 1485400, 'PU00145889', '2023-07-17 00:00:00'),
(16048, 405, '4113A015', 'ARM LOWER', 7427, 200, 'PC', NULL, 1485400, 'PU00145890', '2023-07-18 00:00:00'),
(16049, 405, '4113A015', 'ARM LOWER', 7427, 200, 'PC', NULL, 1485400, 'PU00145891', '2023-07-20 00:00:00'),
(16050, 405, '4113A015', 'ARM LOWER', 7427, 200, 'PC', NULL, 1485400, 'PU00145892', '2023-07-21 00:00:00'),
(16051, 405, '4113A015', 'ARM LOWER', 7427, 200, 'PC', NULL, 1485400, 'PU00145893', '2023-07-24 00:00:00'),
(16052, 405, '4113A015', 'ARM LOWER', 7427, 200, 'PC', NULL, 1485400, 'PU00145894', '2023-07-25 00:00:00'),
(16053, 405, '4113A016', 'REINFORCE', 7754, 200, 'PC', NULL, 1550800, 'PU00145895', '2023-07-05 00:00:00'),
(16054, 405, '4113A016', 'REINFORCE', 7754, 200, 'PC', NULL, 1550800, 'PU00145896', '2023-07-06 00:00:00'),
(16055, 405, '4113A016', 'REINFORCE', 7754, 200, 'PC', NULL, 1550800, 'PU00145897', '2023-07-07 00:00:00'),
(16056, 405, '4113A016', 'REINFORCE', 7754, 200, 'PC', NULL, 1550800, 'PU00145898', '2023-07-10 00:00:00'),
(16057, 405, '4113A016', 'REINFORCE', 7754, 200, 'PC', NULL, 1550800, 'PU00145899', '2023-07-11 00:00:00'),
(16058, 405, '4113A016', 'REINFORCE', 7754, 200, 'PC', NULL, 1550800, 'PU00145900', '2023-07-12 00:00:00'),
(16059, 405, '4113A016', 'REINFORCE', 7754, 200, 'PC', NULL, 1550800, 'PU00145901', '2023-07-17 00:00:00'),
(16060, 405, '4113A016', 'REINFORCE', 7754, 200, 'PC', NULL, 1550800, 'PU00145902', '2023-07-18 00:00:00'),
(16061, 405, '4113A016', 'REINFORCE', 7754, 200, 'PC', NULL, 1550800, 'PU00145903', '2023-07-20 00:00:00'),
(16062, 405, '4113A016', 'REINFORCE', 7754, 200, 'PC', NULL, 1550800, 'PU00145904', '2023-07-21 00:00:00'),
(16063, 405, '4113A016', 'REINFORCE', 7754, 200, 'PC', NULL, 1550800, 'PU00145905', '2023-07-24 00:00:00'),
(16064, 405, '4113A016', 'REINFORCE', 7754, 200, 'PC', NULL, 1550800, 'PU00145906', '2023-07-25 00:00:00'),
(16065, 405, '45811-73R00', 'FRAME,FRONT SUSPENSION UPPER', 11327, 220, 'PC', NULL, 2491940, 'PU00145907', '2023-07-03 00:00:00'),
(16066, 405, '45811-73R00', 'FRAME,FRONT SUSPENSION UPPER', 11327, 220, 'PC', NULL, 2491940, 'PU00145908', '2023-07-04 00:00:00'),
(16067, 405, '45811-73R00', 'FRAME,FRONT SUSPENSION UPPER', 11327, 220, 'PC', NULL, 2491940, 'PU00145909', '2023-07-05 00:00:00'),
(16068, 405, '45811-73R00', 'FRAME,FRONT SUSPENSION UPPER', 11327, 220, 'PC', NULL, 2491940, 'PU00145910', '2023-07-06 00:00:00'),
(16069, 405, '45811-73R00', 'FRAME,FRONT SUSPENSION UPPER', 11327, 220, 'PC', NULL, 2491940, 'PU00145911', '2023-07-07 00:00:00'),
(16070, 405, '45811-73R00', 'FRAME,FRONT SUSPENSION UPPER', 11327, 220, 'PC', NULL, 2491940, 'PU00145912', '2023-07-10 00:00:00'),
(16071, 405, '45811-73R00', 'FRAME,FRONT SUSPENSION UPPER', 11327, 220, 'PC', NULL, 2491940, 'PU00145913', '2023-07-11 00:00:00'),
(16072, 405, '45811-73R00', 'FRAME,FRONT SUSPENSION UPPER', 11327, 220, 'PC', NULL, 2491940, 'PU00145914', '2023-07-12 00:00:00'),
(16073, 405, '45811-73R00', 'FRAME,FRONT SUSPENSION UPPER', 11327, 220, 'PC', NULL, 2491940, 'PU00145915', '2023-07-13 00:00:00'),
(16074, 405, '45811-73R00', 'FRAME,FRONT SUSPENSION UPPER', 11327, 220, 'PC', NULL, 2491940, 'PU00145916', '2023-07-14 00:00:00'),
(16075, 405, '45811-73R00', 'FRAME,FRONT SUSPENSION UPPER', 11327, 220, 'PC', NULL, 2491940, 'PU00145917', '2023-07-17 00:00:00'),
(16076, 405, '45811-73R00', 'FRAME,FRONT SUSPENSION UPPER', 11327, 220, 'PC', NULL, 2491940, 'PU00145918', '2023-07-18 00:00:00'),
(16077, 405, '45811-73R00', 'FRAME,FRONT SUSPENSION UPPER', 11327, 220, 'PC', NULL, 2491940, 'PU00145919', '2023-07-20 00:00:00'),
(16078, 405, '45811-73R00', 'FRAME,FRONT SUSPENSION UPPER', 11327, 220, 'PC', NULL, 2491940, 'PU00145920', '2023-07-21 00:00:00'),
(16079, 405, '45811-73R00', 'FRAME,FRONT SUSPENSION UPPER', 11327, 220, 'PC', NULL, 2491940, 'PU00145921', '2023-07-24 00:00:00'),
(16080, 405, '45811-73R00', 'FRAME,FRONT SUSPENSION UPPER', 11327, 220, 'PC', NULL, 2491940, 'PU00145922', '2023-07-25 00:00:00'),
(16081, 405, '45811-73R00', 'FRAME,FRONT SUSPENSION UPPER', 11327, 220, 'PC', NULL, 2491940, 'PU00145923', '2023-07-26 00:00:00'),
(16082, 405, '45812-73R00', 'FRAME,FRONT SUSPENSION LOWER', 11184, 300, 'PC', NULL, 3355200, 'PU00145924', '2023-07-03 00:00:00'),
(16083, 405, '45812-73R00', 'FRAME,FRONT SUSPENSION LOWER', 11184, 200, 'PC', NULL, 2236800, 'PU00145925', '2023-07-04 00:00:00'),
(16084, 405, '45812-73R00', 'FRAME,FRONT SUSPENSION LOWER', 11184, 200, 'PC', NULL, 2236800, 'PU00145926', '2023-07-05 00:00:00'),
(16085, 405, '45812-73R00', 'FRAME,FRONT SUSPENSION LOWER', 11184, 200, 'PC', NULL, 2236800, 'PU00145927', '2023-07-06 00:00:00'),
(16086, 405, '45812-73R00', 'FRAME,FRONT SUSPENSION LOWER', 11184, 300, 'PC', NULL, 3355200, 'PU00145928', '2023-07-07 00:00:00'),
(16087, 405, '45812-73R00', 'FRAME,FRONT SUSPENSION LOWER', 11184, 200, 'PC', NULL, 2236800, 'PU00145929', '2023-07-10 00:00:00'),
(16088, 405, '45812-73R00', 'FRAME,FRONT SUSPENSION LOWER', 11184, 200, 'PC', NULL, 2236800, 'PU00145930', '2023-07-11 00:00:00'),
(16089, 405, '45812-73R00', 'FRAME,FRONT SUSPENSION LOWER', 11184, 200, 'PC', NULL, 2236800, 'PU00145931', '2023-07-12 00:00:00'),
(16090, 405, '45812-73R00', 'FRAME,FRONT SUSPENSION LOWER', 11184, 200, 'PC', NULL, 2236800, 'PU00145932', '2023-07-13 00:00:00'),
(16091, 405, '45812-73R00', 'FRAME,FRONT SUSPENSION LOWER', 11184, 300, 'PC', NULL, 3355200, 'PU00145933', '2023-07-14 00:00:00'),
(16092, 405, '45812-73R00', 'FRAME,FRONT SUSPENSION LOWER', 11184, 300, 'PC', NULL, 3355200, 'PU00145934', '2023-07-17 00:00:00'),
(16093, 405, '45812-73R00', 'FRAME,FRONT SUSPENSION LOWER', 11184, 200, 'PC', NULL, 2236800, 'PU00145935', '2023-07-18 00:00:00'),
(16094, 405, '45812-73R00', 'FRAME,FRONT SUSPENSION LOWER', 11184, 200, 'PC', NULL, 2236800, 'PU00145936', '2023-07-20 00:00:00'),
(16095, 405, '45812-73R00', 'FRAME,FRONT SUSPENSION LOWER', 11184, 200, 'PC', NULL, 2236800, 'PU00145937', '2023-07-21 00:00:00'),
(16096, 405, '45812-73R00', 'FRAME,FRONT SUSPENSION LOWER', 11184, 200, 'PC', NULL, 2236800, 'PU00145938', '2023-07-24 00:00:00'),
(16097, 405, '45812-73R00', 'FRAME,FRONT SUSPENSION LOWER', 11184, 200, 'PC', NULL, 2236800, 'PU00145939', '2023-07-25 00:00:00'),
(16098, 405, '45812-73R00', 'FRAME,FRONT SUSPENSION LOWER', 11184, 200, 'PC', NULL, 2236800, 'PU00145940', '2023-07-26 00:00:00'),
(16099, 405, '46511-52S00', 'HOUSING CENTER, UPPER ', 6873, 315, 'PC', NULL, 2164995, 'PU00145941', '2023-07-03 00:00:00'),
(16100, 405, '46511-52S00', 'HOUSING CENTER, UPPER ', 6873, 315, 'PC', NULL, 2164995, 'PU00145942', '2023-07-04 00:00:00'),
(16101, 405, '46511-52S00', 'HOUSING CENTER, UPPER ', 6873, 270, 'PC', NULL, 1855710, 'PU00145943', '2023-07-05 00:00:00'),
(16102, 405, '46511-52S00', 'HOUSING CENTER, UPPER ', 6873, 270, 'PC', NULL, 1855710, 'PU00145944', '2023-07-06 00:00:00'),
(16103, 405, '46511-52S00', 'HOUSING CENTER, UPPER ', 6873, 315, 'PC', NULL, 2164995, 'PU00145945', '2023-07-07 00:00:00'),
(16104, 405, '46511-52S00', 'HOUSING CENTER, UPPER ', 6873, 270, 'PC', NULL, 1855710, 'PU00145946', '2023-07-10 00:00:00'),
(16105, 405, '46511-52S00', 'HOUSING CENTER, UPPER ', 6873, 270, 'PC', NULL, 1855710, 'PU00145947', '2023-07-11 00:00:00'),
(16106, 405, '46511-52S00', 'HOUSING CENTER, UPPER ', 6873, 270, 'PC', NULL, 1855710, 'PU00145948', '2023-07-12 00:00:00'),
(16107, 405, '46511-52S00', 'HOUSING CENTER, UPPER ', 6873, 270, 'PC', NULL, 1855710, 'PU00145949', '2023-07-13 00:00:00'),
(16108, 405, '46511-52S00', 'HOUSING CENTER, UPPER ', 6873, 270, 'PC', NULL, 1855710, 'PU00145950', '2023-07-14 00:00:00'),
(16109, 405, '46511-52S00', 'HOUSING CENTER, UPPER ', 6873, 270, 'PC', NULL, 1855710, 'PU00145951', '2023-07-17 00:00:00'),
(16110, 405, '46511-52S00', 'HOUSING CENTER, UPPER ', 6873, 270, 'PC', NULL, 1855710, 'PU00145952', '2023-07-18 00:00:00'),
(16111, 405, '46511-52S00', 'HOUSING CENTER, UPPER ', 6873, 270, 'PC', NULL, 1855710, 'PU00145953', '2023-07-20 00:00:00'),
(16112, 405, '46511-52S00', 'HOUSING CENTER, UPPER ', 6873, 270, 'PC', NULL, 1855710, 'PU00145954', '2023-07-21 00:00:00'),
(16113, 405, '46511-52S00', 'HOUSING CENTER, UPPER ', 6873, 315, 'PC', NULL, 2164995, 'PU00145955', '2023-07-24 00:00:00'),
(16114, 405, '46511-52S00', 'HOUSING CENTER, UPPER ', 6873, 315, 'PC', NULL, 2164995, 'PU00145956', '2023-07-25 00:00:00'),
(16115, 405, '46511-52S00', 'HOUSING CENTER, UPPER ', 6873, 315, 'PC', NULL, 2164995, 'PU00145957', '2023-07-26 00:00:00'),
(16116, 405, '46514-52S00', 'HOUSING CENTER, LOWER ', 6873, 315, 'PC', NULL, 2164995, 'PU00145958', '2023-07-03 00:00:00'),
(16117, 405, '46514-52S00', 'HOUSING CENTER, LOWER ', 6873, 315, 'PC', NULL, 2164995, 'PU00145959', '2023-07-04 00:00:00'),
(16118, 405, '46514-52S00', 'HOUSING CENTER, LOWER ', 6873, 270, 'PC', NULL, 1855710, 'PU00145960', '2023-07-05 00:00:00'),
(16119, 405, '46514-52S00', 'HOUSING CENTER, LOWER ', 6873, 270, 'PC', NULL, 1855710, 'PU00145961', '2023-07-06 00:00:00'),
(16120, 405, '46514-52S00', 'HOUSING CENTER, LOWER ', 6873, 315, 'PC', NULL, 2164995, 'PU00145962', '2023-07-07 00:00:00'),
(16121, 405, '46514-52S00', 'HOUSING CENTER, LOWER ', 6873, 270, 'PC', NULL, 1855710, 'PU00145963', '2023-07-10 00:00:00'),
(16122, 405, '46514-52S00', 'HOUSING CENTER, LOWER ', 6873, 270, 'PC', NULL, 1855710, 'PU00145964', '2023-07-11 00:00:00'),
(16123, 405, '46514-52S00', 'HOUSING CENTER, LOWER ', 6873, 270, 'PC', NULL, 1855710, 'PU00145965', '2023-07-12 00:00:00'),
(16124, 405, '46514-52S00', 'HOUSING CENTER, LOWER ', 6873, 270, 'PC', NULL, 1855710, 'PU00145966', '2023-07-13 00:00:00'),
(16125, 405, '46514-52S00', 'HOUSING CENTER, LOWER ', 6873, 270, 'PC', NULL, 1855710, 'PU00145967', '2023-07-14 00:00:00'),
(16126, 405, '46514-52S00', 'HOUSING CENTER, LOWER ', 6873, 270, 'PC', NULL, 1855710, 'PU00145968', '2023-07-17 00:00:00'),
(16127, 405, '46514-52S00', 'HOUSING CENTER, LOWER ', 6873, 270, 'PC', NULL, 1855710, 'PU00145969', '2023-07-18 00:00:00'),
(16128, 405, '46514-52S00', 'HOUSING CENTER, LOWER ', 6873, 270, 'PC', NULL, 1855710, 'PU00145970', '2023-07-20 00:00:00'),
(16129, 405, '46514-52S00', 'HOUSING CENTER, LOWER ', 6873, 270, 'PC', NULL, 1855710, 'PU00145971', '2023-07-21 00:00:00'),
(16130, 405, '46514-52S00', 'HOUSING CENTER, LOWER ', 6873, 315, 'PC', NULL, 2164995, 'PU00145972', '2023-07-24 00:00:00'),
(16131, 405, '46514-52S00', 'HOUSING CENTER, LOWER ', 6873, 315, 'PC', NULL, 2164995, 'PU00145973', '2023-07-25 00:00:00'),
(16132, 405, '46514-52S00', 'HOUSING CENTER, LOWER ', 6873, 315, 'PC', NULL, 2164995, 'PU00145974', '2023-07-26 00:00:00');

-- --------------------------------------------------------

--
-- Table structure for table `role`
--

CREATE TABLE `role` (
  `role_id` bigint UNSIGNED NOT NULL,
  `role_name` varchar(255) COLLATE utf8mb4_unicode_ci NOT NULL
) ENGINE=InnoDB DEFAULT CHARSET=utf8mb4 COLLATE=utf8mb4_unicode_ci;

--
-- Dumping data for table `role`
--

INSERT INTO `role` (`role_id`, `role_name`) VALUES
(1, 'Admin HKI'),
(2, 'Admin Subcon'),
(3, 'Admin Supplier');

-- --------------------------------------------------------

--
-- Table structure for table `stocks`
--

CREATE TABLE `stocks` (
  `id_sisa` bigint UNSIGNED NOT NULL,
  `id_po` bigint UNSIGNED NOT NULL,
  `qty_sub` int DEFAULT NULL,
  `qty_sup` int DEFAULT NULL,
  `comp_sub` float DEFAULT NULL,
  `comp_sup` float DEFAULT NULL,
  `total` int DEFAULT NULL
) ENGINE=InnoDB DEFAULT CHARSET=utf8mb4 COLLATE=utf8mb4_unicode_ci;

-- --------------------------------------------------------

--
-- Table structure for table `surat`
--

CREATE TABLE `surat` (
  `no_surat` bigint UNSIGNED NOT NULL,
  `tanggal` datetime NOT NULL,
  `po_number` varchar(225) COLLATE utf8mb4_unicode_ci NOT NULL,
  `pengirim` varchar(255) COLLATE utf8mb4_unicode_ci NOT NULL,
  `penerima` varchar(255) COLLATE utf8mb4_unicode_ci NOT NULL,
  `status` varchar(255) COLLATE utf8mb4_unicode_ci NOT NULL
) ENGINE=InnoDB DEFAULT CHARSET=utf8mb4 COLLATE=utf8mb4_unicode_ci;

--
-- Dumping data for table `surat`
--

INSERT INTO `surat` (`no_surat`, `tanggal`, `po_number`, `pengirim`, `penerima`, `status`) VALUES
(1, '2023-07-18 00:00:00', 'hki202001', 'JFE SHOJI STEEL INDONESIA', 'MIYUKI INDONESIA', 'Finish'),
(2, '2023-07-19 00:00:00', 'hki202301', 'MIYUKI INDONESIA', 'admin HKI', 'Finish'),
(3, '2023-07-19 00:00:00', 'hki220011', 'JFE SHOJI STEEL INDONESIA', 'MIYUKI INDONESIA', 'Finish'),
(4, '2023-07-20 00:00:00', 'hki331011', 'MIYUKI INDONESIA', 'admin HKI', 'Finish');

-- --------------------------------------------------------

--
-- Table structure for table `surat_details`
--

CREATE TABLE `surat_details` (
  `no_surat` bigint UNSIGNED NOT NULL,
  `part_no` varchar(225) COLLATE utf8mb4_unicode_ci NOT NULL,
  `part_name` varchar(225) COLLATE utf8mb4_unicode_ci NOT NULL,
  `qty` varchar(225) COLLATE utf8mb4_unicode_ci NOT NULL,
  `unit` varchar(225) COLLATE utf8mb4_unicode_ci NOT NULL
) ENGINE=InnoDB DEFAULT CHARSET=utf8mb4 COLLATE=utf8mb4_unicode_ci;

--
-- Dumping data for table `surat_details`
--

INSERT INTO `surat_details` (`no_surat`, `part_no`, `part_name`, `qty`, `unit`) VALUES
(1, 't1.4X298.5HX84B', 'JSH440WN-P', '2000', 'KG'),
(2, '45825-73R00', 'REINF,SPNSN', '100', 'pcs'),
(3, 't1.4X298.5HX84B', 'JSH440WN-P', '2000', 'kg'),
(4, '45825-73R00', 'REINF,SPNSN', '100', 'pcs');

-- --------------------------------------------------------

--
-- Table structure for table `users`
--

CREATE TABLE `users` (
  `id` bigint UNSIGNED NOT NULL,
  `username` varchar(255) COLLATE utf8mb4_unicode_ci NOT NULL,
  `nama` varchar(255) COLLATE utf8mb4_unicode_ci NOT NULL,
  `role_id` varchar(255) COLLATE utf8mb4_unicode_ci NOT NULL,
  `password` varchar(255) COLLATE utf8mb4_unicode_ci NOT NULL,
  `created_at` varchar(255) COLLATE utf8mb4_unicode_ci DEFAULT NULL
) ENGINE=InnoDB DEFAULT CHARSET=utf8mb4 COLLATE=utf8mb4_unicode_ci;

--
-- Dumping data for table `users`
--

INSERT INTO `users` (`id`, `username`, `nama`, `role_id`, `password`, `created_at`) VALUES
(1, 'hki', 'admin HKI', '1', '$2a$12$NP61H8qRLkmw5aqNaa2OfuEntASvkqCXD9NfE3l8kPeqj6ndDNIni', NULL),
(2, 'miyuki', 'MIYUKI INDONESIA', '2', '$2y$10$uTjUoQ9zjpQMckrzaOvO6.uvHXSQjA3XJZbRCTJNPB6bUVMg4gatW', '17-07-2023'),
(3, 'JFE', 'JFE SHOJI STEEL INDONESIA', '3', '$2y$10$DKZW8nBhoMHdfOPsK2WrZOcNzFdp3swgCc4v251d1irI0cyX1LU/q', '17-07-2023');

-- --------------------------------------------------------

--
-- Table structure for table `users_detail`
--

CREATE TABLE `users_detail` (
  `id_detail` bigint UNSIGNED NOT NULL,
  `id_user` varchar(255) COLLATE utf8mb4_unicode_ci DEFAULT NULL,
  `id_perusahaan` int NOT NULL,
  `class` varchar(255) COLLATE utf8mb4_unicode_ci NOT NULL,
  `email` varchar(255) COLLATE utf8mb4_unicode_ci DEFAULT NULL,
  `telepon` varchar(255) COLLATE utf8mb4_unicode_ci DEFAULT NULL,
  `fax` varchar(255) COLLATE utf8mb4_unicode_ci DEFAULT NULL,
  `alamat` varchar(255) COLLATE utf8mb4_unicode_ci DEFAULT NULL,
  `user_date` varchar(255) COLLATE utf8mb4_unicode_ci DEFAULT NULL
) ENGINE=InnoDB DEFAULT CHARSET=utf8mb4 COLLATE=utf8mb4_unicode_ci;

--
-- Dumping data for table `users_detail`
--

INSERT INTO `users_detail` (`id_detail`, `id_user`, `id_perusahaan`, `class`, `email`, `telepon`, `fax`, `alamat`, `user_date`) VALUES
(1, '1', 1, 'HKI', 'admin@hki.co.id', '087778896543', '123456654321', 'Karawang', NULL),
(4, '2', 30030, 'SUBCON', 'MIYUKIINDONESIA@gmail.com', '02189119670', '02189119670', 'KAWASAN INDUSTRI KIIC KARAWANG JL MALIGI VII LOT.Q-1B, Jawa Barat 41361', '17-07-2023'),
(5, '3', 50010, 'SUPPLIER', 'jfe@gmail.com', '0218980903', '0218980903', 'Kawasan Industri MM 2100 Blok B-4/2, Jalan Kalimantan 1, Cibitung, Gandamekar, Bekasi, Kabupaten Bekasi, Jawa Barat 17530', '17-07-2023');

--
-- Indexes for dumped tables
--

--
-- Indexes for table `failed_jobs`
--
ALTER TABLE `failed_jobs`
  ADD PRIMARY KEY (`id`),
  ADD UNIQUE KEY `failed_jobs_uuid_unique` (`uuid`);

--
-- Indexes for table `master_part`
--
ALTER TABLE `master_part`
  ADD PRIMARY KEY (`id_part`);

--
-- Indexes for table `migrations`
--
ALTER TABLE `migrations`
  ADD PRIMARY KEY (`id`);

--
-- Indexes for table `password_resets`
--
ALTER TABLE `password_resets`
  ADD KEY `password_resets_email_index` (`email`);

--
-- Indexes for table `personal_access_tokens`
--
ALTER TABLE `personal_access_tokens`
  ADD PRIMARY KEY (`id`),
  ADD UNIQUE KEY `personal_access_tokens_token_unique` (`token`),
  ADD KEY `personal_access_tokens_tokenable_type_tokenable_id_index` (`tokenable_type`,`tokenable_id`);

--
-- Indexes for table `productions`
--
ALTER TABLE `productions`
  ADD PRIMARY KEY (`id`);

--
-- Indexes for table `purchasing`
--
ALTER TABLE `purchasing`
  ADD PRIMARY KEY (`id_po`);

--
-- Indexes for table `purchasing_details`
--
ALTER TABLE `purchasing_details`
  ADD PRIMARY KEY (`id`),
  ADD KEY `purchasing_details_id_po_foreign` (`id_po`);

--
-- Indexes for table `role`
--
ALTER TABLE `role`
  ADD PRIMARY KEY (`role_id`);

--
-- Indexes for table `stocks`
--
ALTER TABLE `stocks`
  ADD PRIMARY KEY (`id_sisa`),
  ADD KEY `stocks_id_po_foreign` (`id_po`);

--
-- Indexes for table `surat`
--
ALTER TABLE `surat`
  ADD PRIMARY KEY (`no_surat`);

--
-- Indexes for table `surat_details`
--
ALTER TABLE `surat_details`
  ADD KEY `surat_details_no_surat_index` (`no_surat`);

--
-- Indexes for table `users`
--
ALTER TABLE `users`
  ADD PRIMARY KEY (`id`),
  ADD UNIQUE KEY `users_username_unique` (`username`);

--
-- Indexes for table `users_detail`
--
ALTER TABLE `users_detail`
  ADD PRIMARY KEY (`id_detail`);

--
-- AUTO_INCREMENT for dumped tables
--

--
-- AUTO_INCREMENT for table `failed_jobs`
--
ALTER TABLE `failed_jobs`
  MODIFY `id` bigint UNSIGNED NOT NULL AUTO_INCREMENT;

--
-- AUTO_INCREMENT for table `migrations`
--
ALTER TABLE `migrations`
  MODIFY `id` int UNSIGNED NOT NULL AUTO_INCREMENT, AUTO_INCREMENT=13;

--
-- AUTO_INCREMENT for table `personal_access_tokens`
--
ALTER TABLE `personal_access_tokens`
  MODIFY `id` bigint UNSIGNED NOT NULL AUTO_INCREMENT;

--
-- AUTO_INCREMENT for table `productions`
--
ALTER TABLE `productions`
  MODIFY `id` bigint UNSIGNED NOT NULL AUTO_INCREMENT, AUTO_INCREMENT=28;

--
-- AUTO_INCREMENT for table `purchasing`
--
ALTER TABLE `purchasing`
  MODIFY `id_po` bigint UNSIGNED NOT NULL AUTO_INCREMENT, AUTO_INCREMENT=406;

--
-- AUTO_INCREMENT for table `purchasing_details`
--
ALTER TABLE `purchasing_details`
  MODIFY `id` bigint UNSIGNED NOT NULL AUTO_INCREMENT, AUTO_INCREMENT=16133;

--
-- AUTO_INCREMENT for table `role`
--
ALTER TABLE `role`
  MODIFY `role_id` bigint UNSIGNED NOT NULL AUTO_INCREMENT, AUTO_INCREMENT=4;

--
-- AUTO_INCREMENT for table `stocks`
--
ALTER TABLE `stocks`
  MODIFY `id_sisa` bigint UNSIGNED NOT NULL AUTO_INCREMENT, AUTO_INCREMENT=14;

--
-- AUTO_INCREMENT for table `surat`
--
ALTER TABLE `surat`
  MODIFY `no_surat` bigint UNSIGNED NOT NULL AUTO_INCREMENT, AUTO_INCREMENT=6;

--
-- AUTO_INCREMENT for table `users`
--
ALTER TABLE `users`
  MODIFY `id` bigint UNSIGNED NOT NULL AUTO_INCREMENT, AUTO_INCREMENT=4;

--
-- AUTO_INCREMENT for table `users_detail`
--
ALTER TABLE `users_detail`
  MODIFY `id_detail` bigint UNSIGNED NOT NULL AUTO_INCREMENT, AUTO_INCREMENT=6;

--
-- Constraints for dumped tables
--

--
-- Constraints for table `purchasing_details`
--
ALTER TABLE `purchasing_details`
  ADD CONSTRAINT `purchasing_details_id_po_foreign` FOREIGN KEY (`id_po`) REFERENCES `purchasing` (`id_po`);

--
-- Constraints for table `stocks`
--
ALTER TABLE `stocks`
  ADD CONSTRAINT `stocks_id_po_foreign` FOREIGN KEY (`id_po`) REFERENCES `purchasing` (`id_po`) ON DELETE CASCADE ON UPDATE CASCADE;

--
-- Constraints for table `surat_details`
--
ALTER TABLE `surat_details`
  ADD CONSTRAINT `surat_details_no_surat_foreign` FOREIGN KEY (`no_surat`) REFERENCES `surat` (`no_surat`);
COMMIT;

/*!40101 SET CHARACTER_SET_CLIENT=@OLD_CHARACTER_SET_CLIENT */;
/*!40101 SET CHARACTER_SET_RESULTS=@OLD_CHARACTER_SET_RESULTS */;
/*!40101 SET COLLATION_CONNECTION=@OLD_COLLATION_CONNECTION */;
